flag,input,baseline_jam,delta_jam,baseline_code,delta_code,compile_ok
--no-llvm-passes,add,160,NA,96,NA,0
--no-llvm-passes,fibonacci,221,NA,144,NA,0
--no-llvm-passes,factorial,200,NA,126,NA,0
--no-llvm-passes,is-prime,271,NA,189,NA,0
--no-llvm-passes,regalloc-two-loops,561,NA,438,NA,0
--no-llvm-passes,blake2b,3765,NA,2486,NA,0
--no-llvm-passes,sha512,3511,NA,2310,NA,0
--no-llvm-passes,u128-mul-bench,457,NA,342,NA,0
--no-llvm-passes,u128-div-bench,765,NA,606,NA,0
--no-llvm-passes,u128-div-bench-slow,771,NA,607,NA,0
--no-llvm-passes,host-call-log,458,NA,104,NA,0
--no-llvm-passes,memory-copy-word,2243,NA,1935,NA,0
--no-llvm-passes,memory-copy-overlap,715,NA,574,NA,0
--no-llvm-passes,aslan-fib,19831,NA,12186,NA,0
--no-llvm-passes,aslan-ecalli,42350,NA,27349,NA,0
--no-llvm-passes,aslan-debug,32365,NA,23740,NA,0
--no-llvm-passes,anan-as-compiler,109283,NA,76239,NA,0
--no-llvm-passes,polkadot-asset-hub-kusama_runtime-v2002002,30804229,NA,25381070,NA,0
--no-llvm-passes,polkadot-asset-hub-polkadot_runtime-v2002002,29435038,NA,24209513,NA,0
--no-llvm-passes,polkadot-bridge-hub-kusama_runtime-v2002002,13486226,NA,10536668,NA,0
--no-llvm-passes,polkadot-bridge-hub-polkadot_runtime-v2002002,16129160,NA,12830602,NA,0
--no-llvm-passes,polkadot-bulletin-polkadot_runtime-v2002002,12017852,NA,9295201,NA,0
--no-llvm-passes,polkadot-collectives-polkadot_runtime-v2002002,15293994,NA,12084722,NA,0
--no-llvm-passes,polkadot-coretime-kusama_runtime-v2002002,13011883,NA,10128873,NA,0
--no-llvm-passes,polkadot-coretime-polkadot_runtime-v2002002,13009179,NA,10126518,NA,0
--no-llvm-passes,polkadot-encointer-kusama_runtime-v2002002,15729251,NA,12485285,NA,0
--no-llvm-passes,polkadot-glutton-kusama_runtime-v2002002,6402647,NA,4600277,NA,0
--no-llvm-passes,polkadot-kusama_runtime-v2002002,22066440,NA,17832758,NA,0
--no-llvm-passes,polkadot-people-kusama_runtime-v2002002,13021874,NA,10141578,NA,0
--no-llvm-passes,polkadot-people-polkadot_runtime-v2002002,14291805,NA,11226838,NA,0
--no-llvm-passes,polkadot-polkadot_runtime-v2002002,20909440,NA,16847956,NA,0
--no-peephole,add,160,0,96,0,1
--no-peephole,fibonacci,221,0,144,0,1
--no-peephole,factorial,200,0,126,0,1
--no-peephole,is-prime,271,0,189,0,1
--no-peephole,regalloc-two-loops,561,0,438,0,1
--no-peephole,blake2b,3765,0,2486,0,1
--no-peephole,sha512,3511,1,2310,1,1
--no-peephole,u128-mul-bench,457,0,342,0,1
--no-peephole,u128-div-bench,765,0,606,0,1
--no-peephole,u128-div-bench-slow,771,0,607,0,1
--no-peephole,host-call-log,458,0,104,0,1
--no-peephole,memory-copy-word,2243,0,1935,0,1
--no-peephole,memory-copy-overlap,715,0,574,0,1
--no-peephole,aslan-fib,19831,1,12186,1,1
--no-peephole,aslan-ecalli,42350,1,27349,1,1
--no-peephole,aslan-debug,32365,7,23740,6,1
--no-peephole,anan-as-compiler,109283,9,76239,8,1
--no-peephole,polkadot-asset-hub-kusama_runtime-v2002002,30804229,36535,25381070,32475,1
--no-peephole,polkadot-asset-hub-polkadot_runtime-v2002002,29435038,35409,24209513,31475,1
--no-peephole,polkadot-bridge-hub-kusama_runtime-v2002002,13486226,13737,10536668,12211,1
--no-peephole,polkadot-bridge-hub-polkadot_runtime-v2002002,16129160,15195,12830602,13507,1
--no-peephole,polkadot-bulletin-polkadot_runtime-v2002002,12017852,11827,9295201,10513,1
--no-peephole,polkadot-collectives-polkadot_runtime-v2002002,15293994,17618,12084722,15661,1
--no-peephole,polkadot-coretime-kusama_runtime-v2002002,13011883,13471,10128873,11975,1
--no-peephole,polkadot-coretime-polkadot_runtime-v2002002,13009179,13471,10126518,11974,1
--no-peephole,polkadot-encointer-kusama_runtime-v2002002,15729251,15978,12485285,14203,1
--no-peephole,polkadot-glutton-kusama_runtime-v2002002,6402647,6236,4600277,5543,1
--no-peephole,polkadot-kusama_runtime-v2002002,22066440,19653,17832758,17469,1
--no-peephole,polkadot-people-kusama_runtime-v2002002,13021874,13424,10141578,11933,1
--no-peephole,polkadot-people-polkadot_runtime-v2002002,14291805,15138,11226838,13456,1
--no-peephole,polkadot-polkadot_runtime-v2002002,20909440,18573,16847956,16509,1
--no-register-cache,add,160,4,96,3,1
--no-register-cache,fibonacci,221,36,144,32,1
--no-register-cache,factorial,200,32,126,27,1
--no-register-cache,is-prime,271,17,189,15,1
--no-register-cache,regalloc-two-loops,561,180,438,160,1
--no-register-cache,blake2b,3765,649,2486,577,1
--no-register-cache,sha512,3511,706,2310,627,1
--no-register-cache,u128-mul-bench,457,14,342,12,1
--no-register-cache,u128-div-bench,765,79,606,70,1
--no-register-cache,u128-div-bench-slow,771,79,607,70,1
--no-register-cache,host-call-log,458,0,104,0,1
--no-register-cache,memory-copy-word,2243,54,1935,48,1
--no-register-cache,memory-copy-overlap,715,0,574,0,1
--no-register-cache,aslan-fib,19831,3647,12186,3242,1
--no-register-cache,aslan-ecalli,42350,5810,27349,5164,1
--no-register-cache,aslan-debug,32365,4123,23740,3665,1
--no-register-cache,anan-as-compiler,109283,29616,76239,26325,1
--no-register-cache,polkadot-asset-hub-kusama_runtime-v2002002,30804229,11025123,25381070,9800109,1
--no-register-cache,polkadot-asset-hub-polkadot_runtime-v2002002,29435038,10451412,24209513,9290144,1
--no-register-cache,polkadot-bridge-hub-kusama_runtime-v2002002,13486226,4323918,10536668,3843483,1
--no-register-cache,polkadot-bridge-hub-polkadot_runtime-v2002002,16129160,5303969,12830602,4714639,1
--no-register-cache,polkadot-bulletin-polkadot_runtime-v2002002,12017852,3761518,9295201,3343572,1
--no-register-cache,polkadot-collectives-polkadot_runtime-v2002002,15293994,5029155,12084722,4470360,1
--no-register-cache,polkadot-coretime-kusama_runtime-v2002002,13011883,4148599,10128873,3687644,1
--no-register-cache,polkadot-coretime-polkadot_runtime-v2002002,13009179,4147638,10126518,3686789,1
--no-register-cache,polkadot-encointer-kusama_runtime-v2002002,15729251,5072145,12485285,4508573,1
--no-register-cache,polkadot-glutton-kusama_runtime-v2002002,6402647,1922421,4600277,1708819,1
--no-register-cache,polkadot-kusama_runtime-v2002002,22066440,7685311,17832758,6831387,1
--no-register-cache,polkadot-people-kusama_runtime-v2002002,13021874,4170794,10141578,3707373,1
--no-register-cache,polkadot-people-polkadot_runtime-v2002002,14291805,4664521,11226838,4146241,1
--no-register-cache,polkadot-polkadot_runtime-v2002002,20909440,7186007,16847956,6387562,1
--no-icmp-fusion,add,160,0,96,0,1
--no-icmp-fusion,fibonacci,221,4,144,3,1
--no-icmp-fusion,factorial,200,5,126,3,1
--no-icmp-fusion,is-prime,271,12,189,11,1
--no-icmp-fusion,regalloc-two-loops,561,7,438,6,1
--no-icmp-fusion,blake2b,3765,16,2486,14,1
--no-icmp-fusion,sha512,3511,29,2310,26,1
--no-icmp-fusion,u128-mul-bench,457,9,342,8,1
--no-icmp-fusion,u128-div-bench,765,18,606,16,1
--no-icmp-fusion,u128-div-bench-slow,771,18,607,16,1
--no-icmp-fusion,host-call-log,458,0,104,0,1
--no-icmp-fusion,memory-copy-word,2243,0,1935,0,1
--no-icmp-fusion,memory-copy-overlap,715,0,574,0,1
--no-icmp-fusion,aslan-fib,19831,438,12186,390,1
--no-icmp-fusion,aslan-ecalli,42350,874,27349,777,1
--no-icmp-fusion,aslan-debug,32365,544,23740,484,1
--no-icmp-fusion,anan-as-compiler,109283,1833,76239,1629,1
--no-icmp-fusion,polkadot-asset-hub-kusama_runtime-v2002002,30804229,978364,25381070,869657,1
--no-icmp-fusion,polkadot-asset-hub-polkadot_runtime-v2002002,29435038,928938,24209513,825723,1
--no-icmp-fusion,polkadot-bridge-hub-kusama_runtime-v2002002,13486226,427337,10536668,379855,1
--no-icmp-fusion,polkadot-bridge-hub-polkadot_runtime-v2002002,16129160,479024,12830602,425799,1
--no-icmp-fusion,polkadot-bulletin-polkadot_runtime-v2002002,12017852,380074,9295201,337844,1
--no-icmp-fusion,polkadot-collectives-polkadot_runtime-v2002002,15293994,480809,12084722,427386,1
--no-icmp-fusion,polkadot-coretime-kusama_runtime-v2002002,13011883,406368,10128873,361216,1
--no-icmp-fusion,polkadot-coretime-polkadot_runtime-v2002002,13009179,406450,10126518,361289,1
--no-icmp-fusion,polkadot-encointer-kusama_runtime-v2002002,15729251,487861,12485285,433654,1
--no-icmp-fusion,polkadot-glutton-kusama_runtime-v2002002,6402647,202646,4600277,180130,1
--no-icmp-fusion,polkadot-kusama_runtime-v2002002,22066440,734215,17832758,652635,1
--no-icmp-fusion,polkadot-people-kusama_runtime-v2002002,13021874,406417,10141578,361260,1
--no-icmp-fusion,polkadot-people-polkadot_runtime-v2002002,14291805,441742,11226838,392659,1
--no-icmp-fusion,polkadot-polkadot_runtime-v2002002,20909440,693146,16847956,616130,1
--no-shrink-wrap,add,160,0,96,0,1
--no-shrink-wrap,fibonacci,221,0,144,0,1
--no-shrink-wrap,factorial,200,0,126,0,1
--no-shrink-wrap,is-prime,271,0,189,0,1
--no-shrink-wrap,regalloc-two-loops,561,0,438,0,1
--no-shrink-wrap,blake2b,3765,2,2486,2,1
--no-shrink-wrap,sha512,3511,5,2310,4,1
--no-shrink-wrap,u128-mul-bench,457,2,342,2,1
--no-shrink-wrap,u128-div-bench,765,5,606,4,1
--no-shrink-wrap,u128-div-bench-slow,771,5,607,4,1
--no-shrink-wrap,host-call-log,458,0,104,0,1
--no-shrink-wrap,memory-copy-word,2243,0,1935,0,1
--no-shrink-wrap,memory-copy-overlap,715,0,574,0,1
--no-shrink-wrap,aslan-fib,19831,1,12186,1,1
--no-shrink-wrap,aslan-ecalli,42350,53,27349,47,1
--no-shrink-wrap,aslan-debug,32365,214,23740,190,1
--no-shrink-wrap,anan-as-compiler,109283,388,76239,345,1
--no-shrink-wrap,polkadot-asset-hub-kusama_runtime-v2002002,30804229,304,25381070,270,1
--no-shrink-wrap,polkadot-asset-hub-polkadot_runtime-v2002002,29435038,343,24209513,305,1
--no-shrink-wrap,polkadot-bridge-hub-kusama_runtime-v2002002,13486226,87,10536668,77,1
--no-shrink-wrap,polkadot-bridge-hub-polkadot_runtime-v2002002,16129160,80,12830602,71,1
--no-shrink-wrap,polkadot-bulletin-polkadot_runtime-v2002002,12017852,63,9295201,56,1
--no-shrink-wrap,polkadot-collectives-polkadot_runtime-v2002002,15293994,85,12084722,76,1
--no-shrink-wrap,polkadot-coretime-kusama_runtime-v2002002,13011883,120,10128873,107,1
--no-shrink-wrap,polkadot-coretime-polkadot_runtime-v2002002,13009179,117,10126518,104,1
--no-shrink-wrap,polkadot-encointer-kusama_runtime-v2002002,15729251,129,12485285,115,1
--no-shrink-wrap,polkadot-glutton-kusama_runtime-v2002002,6402647,218,4600277,194,1
--no-shrink-wrap,polkadot-kusama_runtime-v2002002,22066440,-396,17832758,-352,1
--no-shrink-wrap,polkadot-people-kusama_runtime-v2002002,13021874,-26,10141578,-23,1
--no-shrink-wrap,polkadot-people-polkadot_runtime-v2002002,14291805,11,11226838,10,1
--no-shrink-wrap,polkadot-polkadot_runtime-v2002002,20909440,-313,16847956,-278,1
--no-dead-store-elim,add,160,34,96,30,1
--no-dead-store-elim,fibonacci,221,30,144,26,1
--no-dead-store-elim,factorial,200,26,126,22,1
--no-dead-store-elim,is-prime,271,45,189,40,1
--no-dead-store-elim,regalloc-two-loops,561,70,438,62,1
--no-dead-store-elim,blake2b,3765,437,2486,388,1
--no-dead-store-elim,sha512,3511,508,2310,451,1
--no-dead-store-elim,u128-mul-bench,457,45,342,40,1
--no-dead-store-elim,u128-div-bench,765,86,606,76,1
--no-dead-store-elim,u128-div-bench-slow,771,86,607,76,1
--no-dead-store-elim,host-call-log,458,17,104,15,1
--no-dead-store-elim,memory-copy-word,2243,70,1935,62,1
--no-dead-store-elim,memory-copy-overlap,715,29,574,26,1
--no-dead-store-elim,aslan-fib,19831,2515,12186,2236,1
--no-dead-store-elim,aslan-ecalli,42350,4769,27349,4239,1
--no-dead-store-elim,aslan-debug,32365,3891,23740,3459,1
--no-dead-store-elim,anan-as-compiler,109283,22688,76239,20167,1
--no-dead-store-elim,polkadot-asset-hub-kusama_runtime-v2002002,30804229,5796911,25381070,5152810,1
--no-dead-store-elim,polkadot-asset-hub-polkadot_runtime-v2002002,29435038,5496627,24209513,4885891,1
--no-dead-store-elim,polkadot-bridge-hub-kusama_runtime-v2002002,13486226,2265159,10536668,2013475,1
--no-dead-store-elim,polkadot-bridge-hub-polkadot_runtime-v2002002,16129160,2799629,12830602,2488559,1
--no-dead-store-elim,polkadot-bulletin-polkadot_runtime-v2002002,12017852,1975615,9295201,1756103,1
--no-dead-store-elim,polkadot-collectives-polkadot_runtime-v2002002,15293994,2625749,12084722,2333999,1
--no-dead-store-elim,polkadot-coretime-kusama_runtime-v2002002,13011883,2173502,10128873,1932002,1
--no-dead-store-elim,polkadot-coretime-polkadot_runtime-v2002002,13009179,2173220,10126518,1931751,1
--no-dead-store-elim,polkadot-encointer-kusama_runtime-v2002002,15729251,2641139,12485285,2347679,1
--no-dead-store-elim,polkadot-glutton-kusama_runtime-v2002002,6402647,1020414,4600277,907035,1
--no-dead-store-elim,polkadot-kusama_runtime-v2002002,22066440,4045735,17832758,3596209,1
--no-dead-store-elim,polkadot-people-kusama_runtime-v2002002,13021874,2182626,10141578,1940112,1
--no-dead-store-elim,polkadot-people-polkadot_runtime-v2002002,14291805,2440113,11226838,2168989,1
--no-dead-store-elim,polkadot-polkadot_runtime-v2002002,20909440,3787284,16847956,3366475,1
--no-const-prop,add,160,0,96,0,1
--no-const-prop,fibonacci,221,0,144,0,1
--no-const-prop,factorial,200,0,126,0,1
--no-const-prop,is-prime,271,0,189,0,1
--no-const-prop,regalloc-two-loops,561,0,438,0,1
--no-const-prop,blake2b,3765,23,2486,20,1
--no-const-prop,sha512,3511,0,2310,0,1
--no-const-prop,u128-mul-bench,457,0,342,0,1
--no-const-prop,u128-div-bench,765,0,606,0,1
--no-const-prop,u128-div-bench-slow,771,0,607,0,1
--no-const-prop,host-call-log,458,4,104,3,1
--no-const-prop,memory-copy-word,2243,0,1935,0,1
--no-const-prop,memory-copy-overlap,715,0,574,0,1
--no-const-prop,aslan-fib,19831,67,12186,60,1
--no-const-prop,aslan-ecalli,42350,0,27349,0,1
--no-const-prop,aslan-debug,32365,74,23740,66,1
--no-const-prop,anan-as-compiler,109283,550,76239,489,1
--no-const-prop,polkadot-asset-hub-kusama_runtime-v2002002,30804229,62677,25381070,55713,1
--no-const-prop,polkadot-asset-hub-polkadot_runtime-v2002002,29435038,64868,24209513,57661,1
--no-const-prop,polkadot-bridge-hub-kusama_runtime-v2002002,13486226,26412,10536668,23477,1
--no-const-prop,polkadot-bridge-hub-polkadot_runtime-v2002002,16129160,26644,12830602,23684,1
--no-const-prop,polkadot-bulletin-polkadot_runtime-v2002002,12017852,24059,9295201,21386,1
--no-const-prop,polkadot-collectives-polkadot_runtime-v2002002,15293994,28856,12084722,25650,1
--no-const-prop,polkadot-coretime-kusama_runtime-v2002002,13011883,26217,10128873,23304,1
--no-const-prop,polkadot-coretime-polkadot_runtime-v2002002,13009179,26047,10126518,23153,1
--no-const-prop,polkadot-encointer-kusama_runtime-v2002002,15729251,32276,12485285,28690,1
--no-const-prop,polkadot-glutton-kusama_runtime-v2002002,6402647,9377,4600277,8335,1
--no-const-prop,polkadot-kusama_runtime-v2002002,22066440,47701,17832758,42401,1
--no-const-prop,polkadot-people-kusama_runtime-v2002002,13021874,25452,10141578,22624,1
--no-const-prop,polkadot-people-polkadot_runtime-v2002002,14291805,30165,11226838,26813,1
--no-const-prop,polkadot-polkadot_runtime-v2002002,20909440,43319,16847956,38506,1
--no-inline,add,160,0,96,0,1
--no-inline,fibonacci,221,0,144,0,1
--no-inline,factorial,200,0,126,0,1
--no-inline,is-prime,271,0,189,0,1
--no-inline,regalloc-two-loops,561,0,438,0,1
--no-inline,blake2b,3765,0,2486,0,1
--no-inline,sha512,3511,166,2310,108,1
--no-inline,u128-mul-bench,457,0,342,0,1
--no-inline,u128-div-bench,765,0,606,0,1
--no-inline,u128-div-bench-slow,771,0,607,0,1
--no-inline,host-call-log,458,0,104,0,1
--no-inline,memory-copy-word,2243,0,1935,0,1
--no-inline,memory-copy-overlap,715,0,574,0,1
--no-inline,aslan-fib,19831,317,12186,250,1
--no-inline,aslan-ecalli,42350,-526,27349,-649,1
--no-inline,aslan-debug,32365,1276,23740,779,1
--no-inline,anan-as-compiler,109283,702,76239,524,1
--no-inline,polkadot-asset-hub-kusama_runtime-v2002002,30804229,698,25381070,435,1
--no-inline,polkadot-asset-hub-polkadot_runtime-v2002002,29435038,697,24209513,435,1
--no-inline,polkadot-bridge-hub-kusama_runtime-v2002002,13486226,-5,10536668,-8,1
--no-inline,polkadot-bridge-hub-polkadot_runtime-v2002002,16129160,-5,12830602,-8,1
--no-inline,polkadot-bulletin-polkadot_runtime-v2002002,12017852,-5,9295201,-8,1
--no-inline,polkadot-collectives-polkadot_runtime-v2002002,15293994,3,12084722,-1,1
--no-inline,polkadot-coretime-kusama_runtime-v2002002,13011883,-5,10128873,-8,1
--no-inline,polkadot-coretime-polkadot_runtime-v2002002,13009179,-5,10126518,-8,1
--no-inline,polkadot-encointer-kusama_runtime-v2002002,15729251,-5,12485285,-8,1
--no-inline,polkadot-glutton-kusama_runtime-v2002002,6402647,100,4600277,82,1
--no-inline,polkadot-kusama_runtime-v2002002,22066440,5,17832758,-3,1
--no-inline,polkadot-people-kusama_runtime-v2002002,13021874,-5,10141578,-8,1
--no-inline,polkadot-people-polkadot_runtime-v2002002,14291805,-5,11226838,-8,1
--no-inline,polkadot-polkadot_runtime-v2002002,20909440,5,16847956,-3,1
--no-cross-block-cache,add,160,0,96,0,1
--no-cross-block-cache,fibonacci,221,14,144,12,1
--no-cross-block-cache,factorial,200,18,126,15,1
--no-cross-block-cache,is-prime,271,10,189,9,1
--no-cross-block-cache,regalloc-two-loops,561,70,438,62,1
--no-cross-block-cache,blake2b,3765,32,2486,28,1
--no-cross-block-cache,sha512,3511,28,2310,25,1
--no-cross-block-cache,u128-mul-bench,457,0,342,0,1
--no-cross-block-cache,u128-div-bench,765,0,606,0,1
--no-cross-block-cache,u128-div-bench-slow,771,0,607,0,1
--no-cross-block-cache,host-call-log,458,0,104,0,1
--no-cross-block-cache,memory-copy-word,2243,0,1935,0,1
--no-cross-block-cache,memory-copy-overlap,715,0,574,0,1
--no-cross-block-cache,aslan-fib,19831,127,12186,113,1
--no-cross-block-cache,aslan-ecalli,42350,376,27349,334,1
--no-cross-block-cache,aslan-debug,32365,384,23740,341,1
--no-cross-block-cache,anan-as-compiler,109283,1186,76239,1054,1
--no-cross-block-cache,polkadot-asset-hub-kusama_runtime-v2002002,30804229,144274,25381070,128243,1
--no-cross-block-cache,polkadot-asset-hub-polkadot_runtime-v2002002,29435038,143975,24209513,127978,1
--no-cross-block-cache,polkadot-bridge-hub-kusama_runtime-v2002002,13486226,53371,10536668,47441,1
--no-cross-block-cache,polkadot-bridge-hub-polkadot_runtime-v2002002,16129160,63940,12830602,56836,1
--no-cross-block-cache,polkadot-bulletin-polkadot_runtime-v2002002,12017852,44871,9295201,39886,1
--no-cross-block-cache,polkadot-collectives-polkadot_runtime-v2002002,15293994,63638,12084722,56567,1
--no-cross-block-cache,polkadot-coretime-kusama_runtime-v2002002,13011883,51364,10128873,45657,1
--no-cross-block-cache,polkadot-coretime-polkadot_runtime-v2002002,13009179,51331,10126518,45627,1
--no-cross-block-cache,polkadot-encointer-kusama_runtime-v2002002,15729251,66429,12485285,59048,1
--no-cross-block-cache,polkadot-glutton-kusama_runtime-v2002002,6402647,22745,4600277,20218,1
--no-cross-block-cache,polkadot-kusama_runtime-v2002002,22066440,100359,17832758,89208,1
--no-cross-block-cache,polkadot-people-kusama_runtime-v2002002,13021874,48919,10141578,43484,1
--no-cross-block-cache,polkadot-people-polkadot_runtime-v2002002,14291805,55203,11226838,49069,1
--no-cross-block-cache,polkadot-polkadot_runtime-v2002002,20909440,97778,16847956,86914,1
--no-register-alloc,add,160,25,96,22,1
--no-register-alloc,fibonacci,221,32,144,28,1
--no-register-alloc,factorial,200,30,126,26,1
--no-register-alloc,is-prime,271,37,189,33,1
--no-register-alloc,regalloc-two-loops,561,87,438,77,1
--no-register-alloc,blake2b,3765,59,2486,52,1
--no-register-alloc,sha512,3511,122,2310,108,1
--no-register-alloc,u128-mul-bench,457,16,342,14,1
--no-register-alloc,u128-div-bench,765,-11,606,-10,1
--no-register-alloc,u128-div-bench-slow,771,-11,607,-10,1
--no-register-alloc,host-call-log,458,0,104,0,1
--no-register-alloc,memory-copy-word,2243,34,1935,30,1
--no-register-alloc,memory-copy-overlap,715,18,574,16,1
--no-register-alloc,aslan-fib,19831,271,12186,241,1
--no-register-alloc,aslan-ecalli,42350,173,27349,154,1
--no-register-alloc,aslan-debug,32365,-167,23740,-148,1
--no-register-alloc,anan-as-compiler,109283,3293,76239,2927,1
--no-register-alloc,polkadot-asset-hub-kusama_runtime-v2002002,30804229,152421,25381070,135485,1
--no-register-alloc,polkadot-asset-hub-polkadot_runtime-v2002002,29435038,144022,24209513,128020,1
--no-register-alloc,polkadot-bridge-hub-kusama_runtime-v2002002,13486226,51896,10536668,46130,1
--no-register-alloc,polkadot-bridge-hub-polkadot_runtime-v2002002,16129160,123198,12830602,109510,1
--no-register-alloc,polkadot-bulletin-polkadot_runtime-v2002002,12017852,41983,9295201,37319,1
--no-register-alloc,polkadot-collectives-polkadot_runtime-v2002002,15293994,52565,12084722,46725,1
--no-register-alloc,polkadot-coretime-kusama_runtime-v2002002,13011883,47085,10128873,41854,1
--no-register-alloc,polkadot-coretime-polkadot_runtime-v2002002,13009179,47074,10126518,41843,1
--no-register-alloc,polkadot-encointer-kusama_runtime-v2002002,15729251,63907,12485285,56806,1
--no-register-alloc,polkadot-glutton-kusama_runtime-v2002002,6402647,26916,4600277,23925,1
--no-register-alloc,polkadot-kusama_runtime-v2002002,22066440,117180,17832758,104160,1
--no-register-alloc,polkadot-people-kusama_runtime-v2002002,13021874,41762,10141578,37122,1
--no-register-alloc,polkadot-people-polkadot_runtime-v2002002,14291805,41557,11226838,36939,1
--no-register-alloc,polkadot-polkadot_runtime-v2002002,20909440,114294,16847956,101595,1
--no-dead-function-elim,add,160,0,96,0,1
--no-dead-function-elim,fibonacci,221,0,144,0,1
--no-dead-function-elim,factorial,200,0,126,0,1
--no-dead-function-elim,is-prime,271,0,189,0,1
--no-dead-function-elim,regalloc-two-loops,561,0,438,0,1
--no-dead-function-elim,blake2b,3765,0,2486,0,1
--no-dead-function-elim,sha512,3511,0,2310,0,1
--no-dead-function-elim,u128-mul-bench,457,0,342,0,1
--no-dead-function-elim,u128-div-bench,765,0,606,0,1
--no-dead-function-elim,u128-div-bench-slow,771,0,607,0,1
--no-dead-function-elim,host-call-log,458,0,104,0,1
--no-dead-function-elim,memory-copy-word,2243,0,1935,0,1
--no-dead-function-elim,memory-copy-overlap,715,0,574,0,1
--no-dead-function-elim,aslan-fib,19831,0,12186,0,1
--no-dead-function-elim,aslan-ecalli,42350,0,27349,0,1
--no-dead-function-elim,aslan-debug,32365,0,23740,0,1
--no-dead-function-elim,anan-as-compiler,109283,0,76239,0,1
--no-dead-function-elim,polkadot-asset-hub-kusama_runtime-v2002002,30804229,0,25381070,0,1
--no-dead-function-elim,polkadot-asset-hub-polkadot_runtime-v2002002,29435038,0,24209513,0,1
--no-dead-function-elim,polkadot-bridge-hub-kusama_runtime-v2002002,13486226,0,10536668,0,1
--no-dead-function-elim,polkadot-bridge-hub-polkadot_runtime-v2002002,16129160,0,12830602,0,1
--no-dead-function-elim,polkadot-bulletin-polkadot_runtime-v2002002,12017852,0,9295201,0,1
--no-dead-function-elim,polkadot-collectives-polkadot_runtime-v2002002,15293994,0,12084722,0,1
--no-dead-function-elim,polkadot-coretime-kusama_runtime-v2002002,13011883,0,10128873,0,1
--no-dead-function-elim,polkadot-coretime-polkadot_runtime-v2002002,13009179,0,10126518,0,1
--no-dead-function-elim,polkadot-encointer-kusama_runtime-v2002002,15729251,0,12485285,0,1
--no-dead-function-elim,polkadot-glutton-kusama_runtime-v2002002,6402647,0,4600277,0,1
--no-dead-function-elim,polkadot-kusama_runtime-v2002002,22066440,0,17832758,0,1
--no-dead-function-elim,polkadot-people-kusama_runtime-v2002002,13021874,0,10141578,0,1
--no-dead-function-elim,polkadot-people-polkadot_runtime-v2002002,14291805,0,11226838,0,1
--no-dead-function-elim,polkadot-polkadot_runtime-v2002002,20909440,0,16847956,0,1
--no-fallthrough-jumps,add,160,0,96,0,1
--no-fallthrough-jumps,fibonacci,221,11,144,9,1
--no-fallthrough-jumps,factorial,200,18,126,15,1
--no-fallthrough-jumps,is-prime,271,16,189,14,1
--no-fallthrough-jumps,regalloc-two-loops,561,16,438,14,1
--no-fallthrough-jumps,blake2b,3765,60,2486,53,1
--no-fallthrough-jumps,sha512,3511,63,2310,56,1
--no-fallthrough-jumps,u128-mul-bench,457,24,342,21,1
--no-fallthrough-jumps,u128-div-bench,765,32,606,28,1
--no-fallthrough-jumps,u128-div-bench-slow,771,32,607,28,1
--no-fallthrough-jumps,host-call-log,458,0,104,0,1
--no-fallthrough-jumps,memory-copy-word,2243,10,1935,9,1
--no-fallthrough-jumps,memory-copy-overlap,715,10,574,9,1
--no-fallthrough-jumps,aslan-fib,19831,456,12186,406,1
--no-fallthrough-jumps,aslan-ecalli,42350,849,27349,755,1
--no-fallthrough-jumps,aslan-debug,32365,465,23740,413,1
--no-fallthrough-jumps,anan-as-compiler,109283,1072,76239,953,1
--no-fallthrough-jumps,polkadot-asset-hub-kusama_runtime-v2002002,30804229,579533,25381070,515140,1
--no-fallthrough-jumps,polkadot-asset-hub-polkadot_runtime-v2002002,29435038,545631,24209513,485006,1
--no-fallthrough-jumps,polkadot-bridge-hub-kusama_runtime-v2002002,13486226,224373,10536668,199443,1
--no-fallthrough-jumps,polkadot-bridge-hub-polkadot_runtime-v2002002,16129160,297429,12830602,264382,1
--no-fallthrough-jumps,polkadot-bulletin-polkadot_runtime-v2002002,12017852,198318,9295201,176283,1
--no-fallthrough-jumps,polkadot-collectives-polkadot_runtime-v2002002,15293994,259987,12084722,231100,1
--no-fallthrough-jumps,polkadot-coretime-kusama_runtime-v2002002,13011883,218106,10128873,193872,1
--no-fallthrough-jumps,polkadot-coretime-polkadot_runtime-v2002002,13009179,218105,10126518,193871,1
--no-fallthrough-jumps,polkadot-encointer-kusama_runtime-v2002002,15729251,259869,12485285,230995,1
--no-fallthrough-jumps,polkadot-glutton-kusama_runtime-v2002002,6402647,109479,4600277,97315,1
--no-fallthrough-jumps,polkadot-kusama_runtime-v2002002,22066440,405977,17832758,360868,1
--no-fallthrough-jumps,polkadot-people-kusama_runtime-v2002002,13021874,214650,10141578,190800,1
--no-fallthrough-jumps,polkadot-people-polkadot_runtime-v2002002,14291805,234503,11226838,208447,1
--no-fallthrough-jumps,polkadot-polkadot_runtime-v2002002,20909440,389056,16847956,345828,1
--no-aggressive-regalloc,add,160,31,96,27,1
--no-aggressive-regalloc,fibonacci,221,13,144,11,1
--no-aggressive-regalloc,factorial,200,-8,126,-7,1
--no-aggressive-regalloc,is-prime,271,14,189,12,1
--no-aggressive-regalloc,regalloc-two-loops,561,-18,438,-16,1
--no-aggressive-regalloc,blake2b,3765,20,2486,18,1
--no-aggressive-regalloc,sha512,3511,46,2310,41,1
--no-aggressive-regalloc,u128-mul-bench,457,14,342,12,1
--no-aggressive-regalloc,u128-div-bench,765,-9,606,-8,1
--no-aggressive-regalloc,u128-div-bench-slow,771,-9,607,-8,1
--no-aggressive-regalloc,host-call-log,458,0,104,0,1
--no-aggressive-regalloc,memory-copy-word,2243,34,1935,30,1
--no-aggressive-regalloc,memory-copy-overlap,715,18,574,16,1
--no-aggressive-regalloc,aslan-fib,19831,-7,12186,-6,1
--no-aggressive-regalloc,aslan-ecalli,42350,-83,27349,-74,1
--no-aggressive-regalloc,aslan-debug,32365,-465,23740,-413,1
--no-aggressive-regalloc,anan-as-compiler,109283,1112,76239,988,1
--no-aggressive-regalloc,polkadot-asset-hub-kusama_runtime-v2002002,30804229,53650,25381070,47689,1
--no-aggressive-regalloc,polkadot-asset-hub-polkadot_runtime-v2002002,29435038,54601,24209513,48535,1
--no-aggressive-regalloc,polkadot-bridge-hub-kusama_runtime-v2002002,13486226,20904,10536668,18581,1
--no-aggressive-regalloc,polkadot-bridge-hub-polkadot_runtime-v2002002,16129160,65686,12830602,58388,1
--no-aggressive-regalloc,polkadot-bulletin-polkadot_runtime-v2002002,12017852,18765,9295201,16680,1
--no-aggressive-regalloc,polkadot-collectives-polkadot_runtime-v2002002,15293994,19849,12084722,17644,1
--no-aggressive-regalloc,polkadot-coretime-kusama_runtime-v2002002,13011883,20209,10128873,17964,1
--no-aggressive-regalloc,polkadot-coretime-polkadot_runtime-v2002002,13009179,20207,10126518,17962,1
--no-aggressive-regalloc,polkadot-encointer-kusama_runtime-v2002002,15729251,24514,12485285,21790,1
--no-aggressive-regalloc,polkadot-glutton-kusama_runtime-v2002002,6402647,6642,4600277,5904,1
--no-aggressive-regalloc,polkadot-kusama_runtime-v2002002,22066440,38218,17832758,33971,1
--no-aggressive-regalloc,polkadot-people-kusama_runtime-v2002002,13021874,19590,10141578,17414,1
--no-aggressive-regalloc,polkadot-people-polkadot_runtime-v2002002,14291805,20627,11226838,18335,1
--no-aggressive-regalloc,polkadot-polkadot_runtime-v2002002,20909440,36694,16847956,32617,1
--no-scratch-reg-alloc,add,160,0,96,0,1
--no-scratch-reg-alloc,fibonacci,221,16,144,14,1
--no-scratch-reg-alloc,factorial,200,8,126,6,1
--no-scratch-reg-alloc,is-prime,271,0,189,0,1
--no-scratch-reg-alloc,regalloc-two-loops,561,50,438,44,1
--no-scratch-reg-alloc,blake2b,3765,0,2486,0,1
--no-scratch-reg-alloc,sha512,3511,0,2310,0,1
--no-scratch-reg-alloc,u128-mul-bench,457,2,342,2,1
--no-scratch-reg-alloc,u128-div-bench,765,-2,606,-2,1
--no-scratch-reg-alloc,u128-div-bench-slow,771,-2,607,-2,1
--no-scratch-reg-alloc,host-call-log,458,0,104,0,1
--no-scratch-reg-alloc,memory-copy-word,2243,0,1935,0,1
--no-scratch-reg-alloc,memory-copy-overlap,715,0,574,0,1
--no-scratch-reg-alloc,aslan-fib,19831,71,12186,63,1
--no-scratch-reg-alloc,aslan-ecalli,42350,145,27349,129,1
--no-scratch-reg-alloc,aslan-debug,32365,243,23740,216,1
--no-scratch-reg-alloc,anan-as-compiler,109283,1288,76239,1145,1
--no-scratch-reg-alloc,polkadot-asset-hub-kusama_runtime-v2002002,30804229,142060,25381070,126275,1
--no-scratch-reg-alloc,polkadot-asset-hub-polkadot_runtime-v2002002,29435038,138267,24209513,122904,1
--no-scratch-reg-alloc,polkadot-bridge-hub-kusama_runtime-v2002002,13486226,47418,10536668,42149,1
--no-scratch-reg-alloc,polkadot-bridge-hub-polkadot_runtime-v2002002,16129160,88356,12830602,78539,1
--no-scratch-reg-alloc,polkadot-bulletin-polkadot_runtime-v2002002,12017852,40368,9295201,35883,1
--no-scratch-reg-alloc,polkadot-collectives-polkadot_runtime-v2002002,15293994,53435,12084722,47498,1
--no-scratch-reg-alloc,polkadot-coretime-kusama_runtime-v2002002,13011883,47112,10128873,41878,1
--no-scratch-reg-alloc,polkadot-coretime-polkadot_runtime-v2002002,13009179,47368,10126518,42105,1
--no-scratch-reg-alloc,polkadot-encointer-kusama_runtime-v2002002,15729251,57534,12485285,51141,1
--no-scratch-reg-alloc,polkadot-glutton-kusama_runtime-v2002002,6402647,21141,4600277,18792,1
--no-scratch-reg-alloc,polkadot-kusama_runtime-v2002002,22066440,104901,17832758,93245,1
--no-scratch-reg-alloc,polkadot-people-kusama_runtime-v2002002,13021874,42106,10141578,37428,1
--no-scratch-reg-alloc,polkadot-people-polkadot_runtime-v2002002,14291805,43594,11226838,38750,1
--no-scratch-reg-alloc,polkadot-polkadot_runtime-v2002002,20909440,100493,16847956,89327,1
--no-caller-saved-alloc,add,160,0,96,0,1
--no-caller-saved-alloc,fibonacci,221,-2,144,-2,1
--no-caller-saved-alloc,factorial,200,-14,126,-13,1
--no-caller-saved-alloc,is-prime,271,-7,189,-6,1
--no-caller-saved-alloc,regalloc-two-loops,561,23,438,20,1
--no-caller-saved-alloc,blake2b,3765,19,2486,17,1
--no-caller-saved-alloc,sha512,3511,13,2310,11,1
--no-caller-saved-alloc,u128-mul-bench,457,-4,342,-4,1
--no-caller-saved-alloc,u128-div-bench,765,0,606,0,1
--no-caller-saved-alloc,u128-div-bench-slow,771,0,607,0,1
--no-caller-saved-alloc,host-call-log,458,0,104,0,1
--no-caller-saved-alloc,memory-copy-word,2243,0,1935,0,1
--no-caller-saved-alloc,memory-copy-overlap,715,5,574,4,1
--no-caller-saved-alloc,aslan-fib,19831,-9,12186,-8,1
--no-caller-saved-alloc,aslan-ecalli,42350,-62,27349,-55,1
--no-caller-saved-alloc,aslan-debug,32365,22,23740,20,1
--no-caller-saved-alloc,anan-as-compiler,109283,981,76239,872,1
--no-caller-saved-alloc,polkadot-asset-hub-kusama_runtime-v2002002,30804229,5696,25381070,5063,1
--no-caller-saved-alloc,polkadot-asset-hub-polkadot_runtime-v2002002,29435038,5290,24209513,4703,1
--no-caller-saved-alloc,polkadot-bridge-hub-kusama_runtime-v2002002,13486226,2563,10536668,2278,1
--no-caller-saved-alloc,polkadot-bridge-hub-polkadot_runtime-v2002002,16129160,4229,12830602,3759,1
--no-caller-saved-alloc,polkadot-bulletin-polkadot_runtime-v2002002,12017852,2634,9295201,2342,1
--no-caller-saved-alloc,polkadot-collectives-polkadot_runtime-v2002002,15293994,2565,12084722,2280,1
--no-caller-saved-alloc,polkadot-coretime-kusama_runtime-v2002002,13011883,2524,10128873,2244,1
--no-caller-saved-alloc,polkadot-coretime-polkadot_runtime-v2002002,13009179,2525,10126518,2244,1
--no-caller-saved-alloc,polkadot-encointer-kusama_runtime-v2002002,15729251,2566,12485285,2281,1
--no-caller-saved-alloc,polkadot-glutton-kusama_runtime-v2002002,6402647,1049,4600277,932,1
--no-caller-saved-alloc,polkadot-kusama_runtime-v2002002,22066440,4794,17832758,4261,1
--no-caller-saved-alloc,polkadot-people-kusama_runtime-v2002002,13021874,2579,10141578,2293,1
--no-caller-saved-alloc,polkadot-people-polkadot_runtime-v2002002,14291805,2484,11226838,2208,1
--no-caller-saved-alloc,polkadot-polkadot_runtime-v2002002,20909440,4702,16847956,4180,1
--no-lazy-spill,add,160,-6,96,-6,1
--no-lazy-spill,fibonacci,221,0,144,0,1
--no-lazy-spill,factorial,200,-3,126,-3,1
--no-lazy-spill,is-prime,271,11,189,10,1
--no-lazy-spill,regalloc-two-loops,561,7,438,6,1
--no-lazy-spill,blake2b,3765,54,2486,48,1
--no-lazy-spill,sha512,3511,8,2310,7,1
--no-lazy-spill,u128-mul-bench,457,-37,342,-33,1
--no-lazy-spill,u128-div-bench,765,-27,606,-24,1
--no-lazy-spill,u128-div-bench-slow,771,-27,607,-24,1
--no-lazy-spill,host-call-log,458,0,104,0,1
--no-lazy-spill,memory-copy-word,2243,-2,1935,-2,1
--no-lazy-spill,memory-copy-overlap,715,2,574,2,1
--no-lazy-spill,aslan-fib,19831,145,12186,129,1
--no-lazy-spill,aslan-ecalli,42350,50,27349,44,1
--no-lazy-spill,aslan-debug,32365,53,23740,47,1
--no-lazy-spill,anan-as-compiler,109283,-1407,76239,-1251,1
--no-lazy-spill,polkadot-asset-hub-kusama_runtime-v2002002,30804229,32836,25381070,29187,1
--no-lazy-spill,polkadot-asset-hub-polkadot_runtime-v2002002,29435038,36682,24209513,32607,1
--no-lazy-spill,polkadot-bridge-hub-kusama_runtime-v2002002,13486226,17149,10536668,15244,1
--no-lazy-spill,polkadot-bridge-hub-polkadot_runtime-v2002002,16129160,19594,12830602,17417,1
--no-lazy-spill,polkadot-bulletin-polkadot_runtime-v2002002,12017852,14484,9295201,12875,1
--no-lazy-spill,polkadot-collectives-polkadot_runtime-v2002002,15293994,18940,12084722,16836,1
--no-lazy-spill,polkadot-coretime-kusama_runtime-v2002002,13011883,15156,10128873,13472,1
--no-lazy-spill,polkadot-coretime-polkadot_runtime-v2002002,13009179,15119,10126518,13439,1
--no-lazy-spill,polkadot-encointer-kusama_runtime-v2002002,15729251,17051,12485285,15156,1
--no-lazy-spill,polkadot-glutton-kusama_runtime-v2002002,6402647,9385,4600277,8342,1
--no-lazy-spill,polkadot-kusama_runtime-v2002002,22066440,26475,17832758,23533,1
--no-lazy-spill,polkadot-people-kusama_runtime-v2002002,13021874,14406,10141578,12806,1
--no-lazy-spill,polkadot-people-polkadot_runtime-v2002002,14291805,15604,11226838,13870,1
--no-lazy-spill,polkadot-polkadot_runtime-v2002002,20909440,25666,16847956,22814,1
--no-libcall-recognition,add,160,0,96,0,1
--no-libcall-recognition,fibonacci,221,0,144,0,1
--no-libcall-recognition,factorial,200,0,126,0,1
--no-libcall-recognition,is-prime,271,0,189,0,1
--no-libcall-recognition,regalloc-two-loops,561,0,438,0,1
--no-libcall-recognition,blake2b,3765,0,2486,0,1
--no-libcall-recognition,sha512,3511,0,2310,0,1
--no-libcall-recognition,u128-mul-bench,457,157,342,139,1
--no-libcall-recognition,u128-div-bench,765,-82,606,-73,1
--no-libcall-recognition,u128-div-bench-slow,771,-82,607,-73,1
--no-libcall-recognition,host-call-log,458,0,104,0,1
--no-libcall-recognition,memory-copy-word,2243,0,1935,0,1
--no-libcall-recognition,memory-copy-overlap,715,0,574,0,1
--no-libcall-recognition,aslan-fib,19831,0,12186,0,1
--no-libcall-recognition,aslan-ecalli,42350,0,27349,0,1
--no-libcall-recognition,aslan-debug,32365,0,23740,0,1
--no-libcall-recognition,anan-as-compiler,109283,0,76239,0,1
--no-libcall-recognition,polkadot-asset-hub-kusama_runtime-v2002002,30804229,62,25381070,55,1
--no-libcall-recognition,polkadot-asset-hub-polkadot_runtime-v2002002,29435038,61,24209513,55,1
--no-libcall-recognition,polkadot-bridge-hub-kusama_runtime-v2002002,13486226,62,10536668,55,1
--no-libcall-recognition,polkadot-bridge-hub-polkadot_runtime-v2002002,16129160,62,12830602,55,1
--no-libcall-recognition,polkadot-bulletin-polkadot_runtime-v2002002,12017852,61,9295201,55,1
--no-libcall-recognition,polkadot-collectives-polkadot_runtime-v2002002,15293994,62,12084722,55,1
--no-libcall-recognition,polkadot-coretime-kusama_runtime-v2002002,13011883,61,10128873,55,1
--no-libcall-recognition,polkadot-coretime-polkadot_runtime-v2002002,13009179,62,10126518,55,1
--no-libcall-recognition,polkadot-encointer-kusama_runtime-v2002002,15729251,62,12485285,55,1
--no-libcall-recognition,polkadot-glutton-kusama_runtime-v2002002,6402647,62,4600277,55,1
--no-libcall-recognition,polkadot-kusama_runtime-v2002002,22066440,62,17832758,55,1
--no-libcall-recognition,polkadot-people-kusama_runtime-v2002002,13021874,62,10141578,55,1
--no-libcall-recognition,polkadot-people-polkadot_runtime-v2002002,14291805,62,11226838,55,1
--no-libcall-recognition,polkadot-polkadot_runtime-v2002002,20909440,62,16847956,55,1
--no-mergefunc,add,160,0,96,0,1
--no-mergefunc,fibonacci,221,0,144,0,1
--no-mergefunc,factorial,200,0,126,0,1
--no-mergefunc,is-prime,271,0,189,0,1
--no-mergefunc,regalloc-two-loops,561,0,438,0,1
--no-mergefunc,blake2b,3765,0,2486,0,1
--no-mergefunc,sha512,3511,0,2310,0,1
--no-mergefunc,u128-mul-bench,457,0,342,0,1
--no-mergefunc,u128-div-bench,765,0,606,0,1
--no-mergefunc,u128-div-bench-slow,771,0,607,0,1
--no-mergefunc,host-call-log,458,0,104,0,1
--no-mergefunc,memory-copy-word,2243,0,1935,0,1
--no-mergefunc,memory-copy-overlap,715,0,574,0,1
--no-mergefunc,aslan-fib,19831,0,12186,0,1
--no-mergefunc,aslan-ecalli,42350,0,27349,0,1
--no-mergefunc,aslan-debug,32365,-394,23740,-272,1
--no-mergefunc,anan-as-compiler,109283,0,76239,0,1
--no-mergefunc,polkadot-asset-hub-kusama_runtime-v2002002,30804229,198744,25381070,174841,1
--no-mergefunc,polkadot-asset-hub-polkadot_runtime-v2002002,29435038,184700,24209513,162532,1
--no-mergefunc,polkadot-bridge-hub-kusama_runtime-v2002002,13486226,74190,10536668,64773,1
--no-mergefunc,polkadot-bridge-hub-polkadot_runtime-v2002002,16129160,109960,12830602,95862,1
--no-mergefunc,polkadot-bulletin-polkadot_runtime-v2002002,12017852,59540,9295201,52029,1
--no-mergefunc,polkadot-collectives-polkadot_runtime-v2002002,15293994,100184,12084722,87410,1
--no-mergefunc,polkadot-coretime-kusama_runtime-v2002002,13011883,63190,10128873,55259,1
--no-mergefunc,polkadot-coretime-polkadot_runtime-v2002002,13009179,65043,10126518,56906,1
--no-mergefunc,polkadot-encointer-kusama_runtime-v2002002,15729251,97707,12485285,85261,1
--no-mergefunc,polkadot-glutton-kusama_runtime-v2002002,6402647,41491,4600277,36084,1
--no-mergefunc,polkadot-kusama_runtime-v2002002,22066440,151264,17832758,132665,1
--no-mergefunc,polkadot-people-kusama_runtime-v2002002,13021874,63075,10141578,55125,1
--no-mergefunc,polkadot-people-polkadot_runtime-v2002002,14291805,91559,11226838,79789,1
--no-mergefunc,polkadot-polkadot_runtime-v2002002,20909440,145832,16847956,127844,1
